full_name,nick_name
AL,ALBERT
AL,BERT
AL,ALEX
AL,AL
CY,CY
CY,CYRUS
EB,EB
EB,EBBIE
ED,EDDIE
ED,ED
ED,EDDY
ABE,ABE
ABE,ABRAM
ABE,ABRAHAM
ADA,ADDY
ADA,ADA
ANN,NANNY
ANN,NANA
ANN,NAN
ANN,ANN
ANN,NANCY
ANN,ANNIE
ARA,ARA
ARA,BELLE
ARA,ARRY
ART,ARTHUR
ART,ART
BAB,BARBY
BAB,BAB
BEA,BEA
BEA,BEATRICE
BEN,BENJAMIN
BEN,BEN
BEN,BENNIE
BOB,ROBERT
BOB,BOB
BOB,ROB
CAL,CAL
CAL,CALVIN
CON,CONNY
CON,CON
DAL,DAHL
DAL,DAL
DAN,DAN
DAN,DANNY
DAN,DANIEL
DEB,DEBORAH
DEB,DEB
DEB,DEBRA
DON,DON
DON,DONALD
DOT,DOTTY
DOT,DOT
EVA,EVE
EVA,EVA
FLO,FLORENCE
FLO,FLO
GIL,GIL
GIL,GILBERT
GUM,MONTY
GUM,GUM
GUS,GUS
GUS,GUSSIE
IAN,JOHN
IAN,IAN
IVA,IVY
IVA,IVA
JEB,JEB
JEB,JEBADIAH
JIM,JIMMIE
JIM,JIM
JOE,JOSEPH
JOE,JOEY
JOE,JOE
JON,JOHN
JON,JON
JON,NATHAN
KEN,KENNETH
KEN,KEN
KIM,KIMBERLY
KIM,KIMBERLEY
KIM,KIM
KIT,KIT
KIT,KITTIE
LEO,LEON
LEO,LEO
LES,LESTER
LES,LES
LIB,LIB
LIB,LIBBY
LIL,LIL
LIL,LILLY
LIL,LILY
LIZ,LIZ
LIZ,ELIZABETH
LON,LON
LON,LONZO
LOU,LOUIS
LOU,LU
LOU,LOU
MAC,MC
MAC,MAC
MAT,MATTIE
MAT,MAT
MAY,MAY
MAY,MAE
NIK,NICK
NIK,NIK
PAT,PAT
PAT,PATRICK
PAT,PATRICIA
PEG,PEGGY
PEG,PEG
RAY,RAY
RAY,RAYMOND
REG,REG
REG,REGGIE
RON,RONNIE
RON,RONALD
RON,RONNY
RON,RON
ROZ,ROZ
ROZ,ROSALYN
SAM,SAMUEL
SAM,SAM
SAM,SAMMY
SLY,SLY
SLY,SYLVESTER
SUE,SUSAN
SUE,SUE
SUE,SUSIE
TED,TED
TED,TEDDY
TIM,TIM
TIM,TIMMY
TIM,TIMOTHY
TOM,TOM
TOM,THOMAS
TOM,TOMMY
VIC,VIC
VIC,VICTOR
VIC,VICKY
VIC,VICKI
VIN,VIN
VIN,VINNY
ABEL,ABEL
ABEL,ABE
ABEL,AB
ABEL,EB
ABEL,EBBIE
ADAM,ADAM
ADAM,ADE
ADAM,EDIE
ADDY,ADDY
ADDY,ADELE
ALAN,AL
ALAN,ALAN
ALDO,AL
ALDO,ALDO
ALEX,ALEXANDRA
ALEX,ALEXANDER
ALEX,ALEX
AMOS,MOSES
AMOS,AMOS
ANDY,ANDREW
ANDY,ANDY
ANDY,DREW
ANNA,ANNIE
ANNA,ANNA
ANNA,ANNE
ANNA,ANN
ANNE,NANCY
ANNE,ANN
ANNE,ANNE
ANNE,NAN
ANNE,NANA
ANNE,ANNIE
ANNE,NANNY
BABS,BARBY
BABS,BAB
BABS,BABS
BABS,BARBARA
BART,BARTHOLOMEW
BART,BART
BECK,BECK
BECK,BECKY
BERT,BERT
BERT,BOBBY
BERT,BERTIE
BERT,BOB
BESS,BESS
BESS,BESSIE
BETH,BETH
BETH,BETTY
BETH,BETSY
BETH,ELIZABETH
BILL,WILLIAM
BILL,BILLY
BILL,WILLIE
BILL,ROBERT
BILL,BILL
BILL,FRED
BRAD,BRADFORD
BRAD,FORD
BRAD,BRAD
CHER,SHER
CHER,CHER
CHET,CHESTER
CHET,CHET
COLE,COLE
COLE,COLIE
CORY,REE
CORY,CORDY
CORY,CORY
CORY,COCO
CURT,CURT
CURT,CURTIS
DAVE,DAVE
DAVE,DAVID
DELL,DELLA
DELL,DELL
DICK,DICK
DICK,RICK
DICK,RICHARD
DREW,DREW
DREW,ANDREW
EDNA,EDNA
EDNA,EDNY
ELLA,ELLEN
ELLA,ELLA
ELZE,ELSEY
ELZE,ELZE
EMIL,EMILY
EMIL,EMIL
EMMA,EMMY
EMMA,EMMA
ERIC,ERIC
ERIC,RICKY
ERIC,RICK
ESSY,ESSY
ESSY,ES
EZRA,EZ
EZRA,EZRA
FRAN,FRANNIE
FRAN,FRAN
FRED,FRED
FRED,FREDERICK
FRED,FREDDY
GABE,GABRIEL
GABE,GABE
GERT,GERT
GERT,GERTIE
GWEN,GWEN
GWEN,GWENDOLYN
GWEN,WENDY
HERB,HERBERT
HERB,HERB
INEZ,AGNES
INEZ,INEZ
IONA,IONA
IONA,ONNIE
IVAN,IVAN
IVAN,JOHN
JANE,JENNIE
JANE,JANIE
JANE,JESSIE
JANE,JEAN
JANE,JANE
JEAN,JEANNIE
JEAN,JANE
JEAN,JEAN
JEFF,JEFF
JEFF,GEOFFREY
JEFF,JEFFREY
JEHU,HUGH
JEHU,GEE
JEHU,JEHU
JOAN,JOAN
JOAN,NONIE
JOAN,JO
JODY,JO
JODY,JODY
JOEY,JOEY
JOEY,JOSEPH
JOHN,JOHNNY
JOHN,JOCK
JOHN,JACK
JOHN,JOHN
JOSH,JOSHUA
JOSH,JOSH
JUDY,JUDY
JUDY,JUDITH
JUNE,JUNE
JUNE,JUNIUS
KATE,KATE
KATE,KAY
KATY,KATHY
KATY,KATY
KENT,KENT
KENT,KENNY
KENT,KENDRICK
KENT,KEN
KRIS,KRIS
KRIS,CHRIS
LENA,ELLEN
LENA,LENA
LEVI,LEE
LEVI,LEVI
LISA,LIZZIE
LISA,LIZ
LISA,MELISSA
LISA,LISA
LISA,ALICE
LOIS,LOUISE
LOIS,LOU
LOIS,LOIS
LUCY,LUCINDA
LUCY,LUCY
LUKE,LUKE
LUKE,LUCAS
MACK,MACK
MACK,MAC
MACK,MC
MARV,MARVIN
MARV,MARV
MARY,MARY
MARY,MAE
MARY,MOLLY
MARY,POLLY
MARY,MAMIE
MARY,MITZI
MATT,MATHEW
MATT,MATTHEW
MATT,MATT
MAUD,MAUD
MAUD,MIDDY
MERV,MERVIN
MERV,MERV
MICK,MICK
MICK,MICKY
MIKE,MICKY
MIKE,MIKE
MIKE,MICK
MIKE,MICHAEL
NEWT,NEWT
NEWT,NEWTON
NICK,NIK
NICK,NICK
NICK,NICHOLAS
NORA,NORA
NORA,NONIE
OBIE,OBEDIAH
OBIE,OBIE
OSSY,OZZY
OSSY,OSSY
OTIS,OTIS
OTIS,OTE
OTIS,ODE
OZZY,OZZY
OZZY,OSWALD
PAUL,POLLY
PAUL,PAUL
PAUL,PAULA
PAUL,PAULINE
PETE,PETE
PETE,PETER
PHIL,PHIL
PHIL,PHILIP
PHIL,PHILLIP
REBA,REBA
REBA,BECK
REBA,BECCA
RICH,DICK
RICH,RICK
RICH,RICH
RICH,RICHE
RICH,RICHARD
RICK,RICK
RICK,RICKY
ROSA,ROSE
ROSA,ROSA
ROSE,ROSIE
ROSE,ROSE
RUBE,RUBE
RUBE,REUBEN
RUDY,RUDY
RUDY,RUDOLPH
RUSS,RUSS
RUSS,RUSSELL
RYAN,RYAN
RYAN,RY
TESS,TESS
TESS,TERESA
TESS,THERESA
THAD,THADDEUS
THAD,THAD
THEO,THEO
THEO,THEODORE
THOM,THOM
THOM,TOM
THOM,THOMAS
THOM,TOMMY
TINA,CHRISTINA
TINA,TINA
TONY,TONY
TONY,ANTHONY
TRIX,TRIXIE
TRIX,TRIX
WILL,BILL
WILL,WILLIE
WILL,WILBUR
WILL,WILL
WILL,FRED
ZACH,ZACHARIAH
ZACH,ZACH
AARON,ERIN
AARON,AARON
AARON,RONNIE
ABBIE,ABIGAIL
ABBIE,ABBIE
ABBIE,ABBY
ABIEL,AB
ABIEL,ABIEL
ABNER,ABNER
ABNER,AB
ABRAM,ABRAM
ABRAM,AB
ADELA,ADELA
ADELA,DELLA
ADELE,DELL
ADELE,ADELE
AGNES,AGNES
AGNES,NESSA
AGNES,AGGY
AGNES,INEZ
ALEVA,LEVE
ALEVA,LEVY
ALEVA,ALEVA
ALICE,LISA
ALICE,ALLIE
ALICE,ALICE
ALICE,ELSIE
ALINE,ALINE
ALINE,ADELINE
ALLAN,AL
ALLAN,ALLAN
ALLEN,ALLEN
ALLEN,AL
ANNIE,ANNA
ANNIE,ANNIE
ANNIE,ANN
ASAPH,ASAPH
ASAPH,ASA
BECCA,BECCA
BECCA,BECK
BELLA,BELLE
BELLA,ISABELLA
BELLA,BELLA
BELLA,ARABELLA
BENJY,BENJY
BENJY,BENJAMIN
BILLY,BILLY
BILLY,WILLIAM
BILLY,ROBERT
BILLY,FRED
BOBBY,BOBBY
BOBBY,BOB
BOBBY,ROB
BRADY,BRODY
BRADY,BRADY
BRIAN,BRYAN
BRIAN,BRYANT
BRIAN,BRIAN
CALEB,CALEB
CALEB,CAL
CAROL,CARRIE
CAROL,CAROLANN
CAROL,CAROL
CAROL,CAROLINE
CAROL,LYNN
CAROL,CAROLE
CAROL,CASSIE
CASEY,CASEY
CASEY,K.C.
CATHY,CATHERINE
CATHY,CATHY
CATHY,CATHLEEN
CATHY,KATHY
CHICK,CAROLINE
CHICK,CHARLOTTE
CHICK,CHUCK
CHICK,CHICK
CHLOE,CLO
CHLOE,CHLOE
CHRIS,CHRISTINE
CHRIS,CHRISTINA
CHRIS,CHRISTOPHER
CHRIS,CHRIS
CINDY,CINDERLLA
CINDY,CINDY
CLARA,CLARA
CLARA,CLARISSA
CLARE,CLARE
CLARE,CLARA
CLIFF,CLIFF
CLIFF,CLIFFORD
COREY,COCO
COREY,CORDY
COREY,REE
COREY,COREY
CYRUS,CYRUS
CYRUS,CY
DAISY,DAISY
DAISY,MARGARET
DANNY,DANNY
DANNY,DANIEL
DAVEY,DAVEY
DAVEY,DAVID
DAVID,DAVID
DAVID,DAVEY
DAVID,DAY
DAVID,DAVE
DEBBY,DEBBY
DEBBY,DEB
DEBRA,DEBBIE
DEBRA,DEBRA
DEBRA,DEB
DELIA,FIDELIA
DELIA,CORDELIA
DELIA,DELIA
DELIA,DELIUS
DELLA,ADELAIDE
DELLA,ADELA
DELLA,DELILAH
DELLA,DELLA
DIANA,DIANA
DIANA,DICEY
DIANA,DI
DIANA,DIDI
DIANE,DIANE
DIANE,DI
DIANE,DICEY
DIANE,DIDI
DICEY,DICIE
DICEY,DICEY
DONNY,DONALD
DONNY,DONNY
DORIS,DORA
DORIS,DORIS
DOTHA,DOTHA
DOTHA,DOTTY
EDDIE,EDDIE
EDDIE,EDDY
EDGAR,EDDY
EDGAR,ED
EDGAR,EDGAR
EDGAR,EDDIE
EDITH,EDITH
EDITH,EDIE
EDITH,EDYE
EDWIN,EDDY
EDWIN,EDDIE
EDWIN,ED
EDWIN,EDWIN
EDWIN,WIN
EDWIN,NED
EDYTH,EDYTH
EDYTH,EDIE
EDYTH,EDYE
ELENA,ELENA
ELENA,HELEN
ELIAS,ELIAS
ELIAS,LEE
ELIAS,ELI
ELIAS,LIAS
ELISA,LISA
ELISA,ELISA
ELIZA,ELIZA
ELIZA,ELIZABETH
ELLEN,ELLEN
ELLEN,NELLIE
ELLEN,HELEN
ELLEN,NELL
ELLIE,ELLY
ELLIE,ELLIE
ELSIE,ELSIE
ELSIE,ELSEY
EMILY,EMILY
EMILY,EMMY
EMILY,EMMA
EMILY,MEL
EMILY,MILLIE
ERWIN,IRWIN
ERWIN,ERWIN
FAITH,FAITH
FAITH,FAY
FLORA,FLORA
FLORA,FLORENCE
FLOYD,LLOYD
FLOYD,FLOYD
FRANK,FRANKLIN
FRANK,FRANK
FREDA,FREDA
FREDA,FRIEDA
GABBY,GABE
GABBY,GABRIELLE
GABBY,GABRIELLA
GABBY,GABBY
GEOFF,GEOFFREY
GEOFF,GEOFF
GEOFF,JEFF
GEOFF,JEFFREY
GERRY,GERRY
GERRY,GERALD
GERRY,JERRY
GERRY,GERALDINE
HARRY,HENRY
HARRY,HARRY
HARRY,HAROLD
HELEN,ELLEN
HELEN,ELLIE
HELEN,LENA
HELEN,HELEN
HELEN,ELLA
HENRY,HARRY
HENRY,HAL
HENRY,HENRY
HENRY,HANK
HIRAM,HIRAM
HIRAM,HY
HOSEA,HOSEA
HOSEA,HOSIE
HOSEA,HOSEY
INDIA,INDIA
INDIA,INDIE
INDIA,INDY
IRENE,IRENE
IRENE,RENA
IRVIN,IRVIN
IRVIN,IRVING
IRWIN,ERWIN
IRWIN,IRWIN
ISAAC,ISAAC
ISAAC,IKE
ISAAC,ZEKE
JACOB,JAKE
JACOB,JAY
JACOB,JAAP
JACOB,JACOB
JAMES,JIMMY
JAMES,JAMIE
JAMES,JIM
JAMES,JIMMIE
JAMES,JAMES
JAMES,JEM
JAMIE,JAMIE
JAMIE,JAMES
JANET,JESSIE
JANET,JANET
JANET,JAN
JAYME,JAY
JAYME,JAYME
JENNY,JENNY
JENNY,JENNIFER
JERRY,JERRY
JERRY,JEREME
JERRY,GERALDINE
JINCY,JINCY
JINCY,JANE
JINSY,JINSY
JINSY,JANE
JOANN,JOANN
JOANN,JO
JOSEY,JOSEY
JOSEY,JOSOPHINE
JOYCE,JOY
JOYCE,JOYCE
JUDAH,JUDE
JUDAH,JUDER
JUDAH,JUDAH
JULIA,JILL
JULIA,JULIE
JULIA,JULIA
JULIE,JULE
JULIE,JULIA
JULIE,JULIE
KASEY,K.C.
KASEY,KASEY
KAYLA,KAY
KAYLA,KAYLA
KENNY,KEN
KENNY,KENNETH
KENNY,KENNY
LARRY,LAWRENCE
LARRY,LAURENCE
LARRY,LARRY
LEROY,L.R.
LEROY,LEE
LEROY,LEROY
LEROY,ROY
LIDIA,LYDDY
LIDIA,LIDIA
LILLY,LILLY
LILLY,LILY
LINDA,LYNN
LINDA,LINDY
LINDA,LINDA
LINDY,LINDY
LINDY,LYNN
LOTTA,LOTTA
LOTTA,LOTTIE
LOUIS,LOUIE
LOUIS,LOUISE
LOUIS,LOU
LOUIS,LOUIS
LOUIS,LEWIS
LUCAS,LUCAS
LUCAS,LUKE
LUCIA,LUCY
LUCIA,LUCIA
LUCIA,LUCIUS
LYDIA,LYDDY
LYDIA,LYDIA
MABEL,MABEL
MABEL,MEHITABEL
MABEL,AMABEL
MADDY,MADGE
MADDY,MADELYN
MADDY,MADDY
MADDY,MADELINE
MADIE,MADELYN
MADIE,MADELINE
MADIE,MADIE
MANDA,MANDY
MANDA,MANDA
MANDY,AMANDA
MANDY,MANDY
MANNY,MANUEL
MANNY,MANNY
MARGE,MARGERY
MARGE,MARGARET
MARGE,MARGARETTA
MARGE,MARGE
MARGY,MARJORIE
MARGY,MARGY
MARIE,MARIE
MARIE,MAE
MEGAN,MEG
MEGAN,MEGAN
MISSY,MELISSA
MISSY,MISSY
MITCH,MITCHELL
MITCH,MITCH
MITZI,MITTY
MITZI,MITTIE
MITZI,MARY
MITZI,MITZI
MONET,NETTIE
MONET,MONET
MONTY,MONTY
MONTY,LAMONT
MOSES,MOSES
MOSES,MOSE
MOSES,AMOS
MOSES,MOSS
NANCY,ANN
NANCY,NAN
NANCY,NANCY
NANCY,NANNY
NAOMI,OMI
NAOMI,NAOMI
NELLE,NELLE
NELLE,NELLY
ODELL,ODELL
ODELL,ODO
OLIVE,LIVIA
OLIVE,NOLLIE
OLIVE,OLIVE
OLIVE,OLLIE
OLLIE,OLIVER
OLLIE,OLLIE
PATSY,PATSY
PATSY,PATTY
PATTY,PATTY
PATTY,PATRICIA
PAULA,POLLY
PAULA,PAULA
PAULA,LINA
PETER,PETER
PETER,PATE
PETER,PETE
PRUDY,PRUDENCE
PRUDY,PRUDY
RHODA,RHODA
RHODA,RODIE
RHYNA,RHYNA
RHYNA,RHYNIE
RICKY,RICH
RICKY,RICKY
RICKY,DICK
ROGER,ROGER
ROGER,ROBBY
ROGER,RUPERT
ROGER,ROBIN
ROGER,ROD
ROGER,ROGE
ROGER,BOBBY
ROGER,HODGE
RONNY,RONNY
RONNY,RONALD
RUSTY,RUSSELL
RUSTY,RUSTY
SAMMY,SAMUEL
SAMMY,SAMMY
SANDY,SANDY
SANDY,SANDRA
SARAH,SARAH
SARAH,SALLY
SARAH,SADIE
SCOTT,SCOTT
SCOTT,SQUAT
SCOTT,SCOTTIE
SCOTT,SCEETER
SCOTT,SCOTTY
SELMA,SELMA
SELMA,ANSELM
SILAS,SI
SILAS,SILAS
SIMON,SI
SIMON,SIMON
SIMON,SION
SMITH,SMITTY
SMITH,SMITH
STEVE,STEVEN
STEVE,STEVE
STEVE,STEPHEN
SULLY,SULLIVAN
SULLY,SULLY
SUSAN,SUSIE
SUSAN,SUZIE
SUSAN,SUE
SUSAN,HANNAH
SUSAN,SUSAN
SUSAN,SUKEY
SUSIE,SUSIE
SUSIE,SUZIE
TABBY,TABITHA
TABBY,TABBY
TASHA,TASHIE
TASHA,TASHA
TASHA,TASH
TERRY,TERENCE
TERRY,TERRY
TESSA,TERESA
TESSA,TESSA
TESSA,THERESA
TIMMY,TIMMY
TIMMY,TIMOTHY
TOMMY,TOMMY
TOMMY,THOMAS
TRUDY,GERTRUDE
TRUDY,TRUDY
UNICE,UNICE
UNICE,NICIE
UNICE,EUNICE
URIAH,URIAH
URIAH,RIAH
VICKI,VICKI
VICKI,VICKY
VICKI,VICTORIA
VICKY,VICKY
VICKY,VICTORIA
VINCE,VINCE
VINCE,VINNIE
VIOLA,VIOLA
VIOLA,VI
VIOLA,OLA
WALDO,OZZY
WALDO,OSSY
WALDO,WALDO
WALLY,WALT
WALLY,WALLY
WENDY,WEN
WENDY,WENDY
WILDA,WILLIE
WILDA,WILDA
WILMA,BILLIEWILHELM
WILMA,WILLIAM
WILMA,WILMA
WINNY,WINNY
WINNY,WINNIFRED
YEONA,ONA
YEONA,ONIE
YEONA,YEONA
YULAN,YUL
YULAN,LAN
YULAN,YULAN
ABIJAH,BIGE
ABIJAH,AB
ABIJAH,ABIJAH
ADRIAN,ADRIAN
ADRIAN,RIAN
AGATHA,AGATHA
AGATHA,AGGY
AILEEN,AILEEN
AILEEN,LENA
AILEEN,ALLIE
ALBERT,ALBERT
ALBERT,AL
ALBERT,BERT
ALEXIS,ALEXIS
ALEXIS,LEXI
ALFRED,AL
ALFRED,FREDDY
ALFRED,ALFRED
ALFRED,FRED
ALICIA,ELSIE
ALICIA,ALLIE
ALICIA,LISA
ALICIA,ALICIA
ALISON,ALISON
ALISON,ALI
ALMENA,ALLIE
ALMENA,MENA
ALMENA,ALMENA
ALMINA,MINNIE
ALMINA,ALMINA
ALMIRA,MYRA
ALMIRA,ALMIRA
ALONZO,ALONZO
ALONZO,AL
ALONZO,LONZO
ALONZO,LON
ALYSSA,ALLY
ALYSSA,LISSIA
ALYSSA,ALYSSA
ALYSSA,AL
ALZADA,ALZADA
ALZADA,ZADA
AMANDA,AMANDA
AMANDA,MANDA
AMANDA,MANDY
AMELIA,AMELIA
AMELIA,AMY
AMELIA,MEL
AMELIA,EMILY
AMELIA,MILLIE
ANDREA,ANDREA
ANDREA,REA
ANDREA,DREA
ANDREA,ANDREW
ANDREW,ANDREW
ANDREW,DREW
ANDREW,ANDY
ANGELA,ANGELA
ANGELA,ANGELICA
ANGELA,JANE
ANGELA,ANGELINA
ANGELA,ANGEL
ANGELA,ANGIE
ANGELA,ANGELINE
ANSELM,ANSEL
ANSELM,ANSELM
ANSELM,SELMA
ANSELM,ANCE
ANSELM,ANSE
ARLENE,LENA
ARLENE,ARLENE
ARLENE,ARLY
ARMENA,ARMENA
ARMENA,MENA
ARMENA,ARRY
ARNOLD,ARNOLD
ARNOLD,ARNIE
ARTHUR,ART
ARTHUR,ARTHUR
ARZADA,ZADDI
ARZADA,ARZADA
ASAHEL,ASA
ASAHEL,ASAHEL
AUBREY,BREE
AUBREY,AUBREY
AUDREY,DEE
AUDREY,AUDREY
AUGUST,AUGUST
AUGUST,GUS
BARBIE,BARBIE
BARBIE,BARBARA
BARNEY,BARNEY
BARNEY,BARNABAS
BERNEY,BERNIE
BERNEY,BERNEY
BERTHA,BERTHA
BERTHA,BIRDIE
BERTHA,BERT
BERTHA,BERTIE
BIDDIE,BIDDY
BIDDIE,BIDDIE
BRENDA,BRENDA
BRENDA,BRANDY
CALVIN,CALVIN
CALVIN,VIN
CALVIN,VINNY
CALVIN,CAL
CARMON,CAMMIE
CARMON,CHARM
CARMON,CARM
CARMON,CARMON
CARRIE,CARRIE
CARRIE,CASSIE
CASPER,JASPER
CASPER,CASPER
CASSIE,CASSANDRA
CASSIE,CASSIE
CEDRIC,CEDRIC
CEDRIC,RICK
CEDRIC,CED
CEDRIC,RICKY
CHERYL,SHERYL
CHERYL,CHERYL
CICELY,CICELY
CICELY,CILLA
CLAIRE,CLARE
CLAIRE,CLAIRE
CLAIRE,CLAIR
CLAIRE,CLARA
CONRAD,CON
CONRAD,CONNY
CONRAD,CONRAD
CURTIS,CURTIS
CURTIS,CURT
DALTON,DAHL
DALTON,DALTON
DANIEL,DAN
DANIEL,DANNY
DANIEL,DANIEL
DAPHNE,DAPH
DAPHNE,DAPHIE
DAPHNE,DAPHNE
DEANNE,DEANNE
DEANNE,DEE
DEANNE,ANN
DEBBIE,DEBBIE
DEBBIE,DEB
DEBBIE,DEBBY
DEBBIE,DEBRA
DEBBIE,DEBORAH
DEBORA,DEBBIE
DEBORA,DEB
DEBORA,DEBBY
DEBORA,DEBORA
DEIDRE,DEEDEE
DEIDRE,DEIDRE
DELPHA,DELPHA
DELPHA,PHILADELPHIA
DENISE,DENNIS
DENISE,DENISE
DENNIS,DENNIS
DENNIS,DENNY
DONALD,DONY
DONALD,DONALD
DONALD,DONNIE
DONALD,DONNY
DONALD,DON
DONNIE,DONALD
DONNIE,DONNIE
DONNIE,DONNY
DORCUS,DARKEY
DORCUS,DORCUS
DUNCAN,DUNK
DUNCAN,DUNCAN
EDMOND,EDDIE
EDMOND,ED
EDMOND,EDMOND
EDMOND,EDDY
EDMUND,EDMUND
EDMUND,EDDIE
EDMUND,ED
EDMUND,NED
EDMUND,TED
EDMUND,EDDY
EDWARD,ED
EDWARD,NED
EDWARD,EDDIE
EDWARD,EDWARD
EDWARD,EDDY
EDWARD,TED
EDWARD,TEDDY
EDWINA,EDWIN
EDWINA,EDWINA
EDYTHE,EDYTHE
EDYTHE,EDYE
EDYTHE,EDIE
EGBERT,BERT
EGBERT,BURT
EGBERT,EGBERT
EIGHTA,ATHY
EIGHTA,EIGHTA
EILEEN,EILEEN
EILEEN,HELEN
ELAINE,ELAINE
ELAINE,LAINIE
ELAINE,HELEN
ELBERT,ALBERT
ELBERT,ELBERT
ELIJAH,ELIJAH
ELIJAH,LIGE
ELIJAH,ELI
ELISHA,ELI
ELISHA,ELISHA
ELISHA,LISH
ELMIRA,ELLIE
ELMIRA,ELLY
ELMIRA,MIRA
ELMIRA,ELMIRA
ELNORA,ELNORA
ELNORA,NORA
ELOISE,LOUISE
ELOISE,HELOISE
ELOISE,ELOISE
ELVIRA,ELVIE
ELVIRA,ELVIRA
ELWOOD,ELWOOD
ELWOOD,WOODY
ELYSIA,ELYSIA
ELYSIA,LISA
ERNEST,ERNIE
ERNEST,ERNEST
ESTHER,ESTHER
ESTHER,ESSIE
ESTHER,HESTER
EUDICY,DICEY
EUDICY,EUDICY
EUDORA,EUDORA
EUDORA,DORA
EUGENE,EUGENE
EUGENE,GENE
EUNICE,EUNICE
EUNICE,NICIE
EVELYN,EV
EVELYN,EVELYN
EVELYN,EVE
EVELYN,EVELINA
FELTIE,FELTY
FELTIE,FELTIE
FRIEDA,FRIEDA
FRIEDA,FREDDY
FRIEDA,FRED
FRIEDA,FREDDIE
GEORGE,JORGE
GEORGE,GEORGE
GEORGE,GEORGIANA
GERALD,GERALD
GERALD,GERRY
GERALD,JERRY
GERRIE,GERRIE
GERRIE,GERALDINE
GERTIE,GERTIE
GERTIE,GERTRUDE
GLORIA,GLORIA
GLORIA,GLORY
HANNAH,NANNY
HANNAH,ANNA
HANNAH,HANNAH
HANNAH,NAN
HAROLD,HAL
HAROLD,HARRY
HAROLD,HAROLD
HELENA,NELL
HELENA,HELENA
HELENA,AILEEN
HELENA,EILEEN
HELENA,ELAINE
HELENA,NELLIE
HELENA,ELEANOR
HELENA,LENA
HELENA,ELLEN
HELENE,LENA
HELENE,HELENE
HELENE,ELLEN
HELENE,ELLA
HELENE,ELLIE
HERMAN,DUTCH
HERMAN,HERMAN
HERMAN,HARMAN
HESTER,HESSY
HESTER,ESTHER
HESTER,HETTY
HESTER,HESTER
HONORA,NORRY
HONORA,HONEY
HONORA,NORAH
HONORA,NORA
HONORA,HONORA
HORACE,HORACE
HORACE,HORRY
HOWARD,HOWARD
HOWARD,HAL
HOWARD,HOWIE
HUBERT,HUBERT
HUBERT,HUB
HUBERT,HUGH
HUBERT,BERT
IRVING,IRVING
IRVING,IRV
ISABEL,BELL
ISABEL,ISSY
ISABEL,BELLA
ISABEL,ISABEL
ISABEL,TIBBIE
ISABEL,IB
ISABEL,BELLE
ISABEL,NIBBY
ISABEL,NIB
ISAIAH,ZADIE
ISAIAH,ZAY
ISAIAH,ISAIAH
JAHODA,JAHODA
JAHODA,HODY
JAHODA,HODA
JAHODA,HODIE
JANICE,JAN
JANICE,JANICE
JASPER,JASPER
JASPER,CASPER
JASPER,JAP
JEANNE,JEANNE
JEANNE,JANE
JEANNE,JEANNIE
JEHIEL,JEHIEL
JEHIEL,HIEL
JEMIMA,MIMA
JEMIMA,JEMIMA
JENNET,JENNY
JENNET,JENNET
JENNET,JESSIE
JERITA,RITA
JERITA,JERITA
JESSIE,JANE
JESSIE,JESSIE
JESSIE,JESS
JESSIE,JANET
JOANNA,JO
JOANNA,JOAN
JOANNA,JOANNA
JOANNA,JODY
JOANNA,HANNAH
JOANNE,JO
JOANNE,JOANNE
JOSEPH,JOSEPH
JOSEPH,JOEY
JOSEPH,JOE
JOSEPH,JODY
JOSEPH,JOS
JOSHUA,JOS
JOSHUA,JOSH
JOSHUA,JOSHUA
JOSIAH,JOSIAH
JOSIAH,JOS
JUDITH,JUDY
JUDITH,JUDITH
JUDITH,JUDE
JUDITH,JUDIE
JUDITH,JUDA
JUDITH,JUDI
JUDSON,SONNY
JUDSON,JUD
JUDSON,JUDSON
JULIAN,JULIAN
JULIAN,JULE
JULIAS,JULIAS
JULIAS,JULE
JUNIOR,JR
JUNIOR,JUNE
JUNIOR,JUNIE
JUNIOR,JUNIOR
JUSTIN,JUSTIN
JUSTIN,JUSTUS
JUSTIN,JUSTINA
KENDRA,KENJI
KENDRA,KENDRA
KENDRA,KENJ
KENDRA,KAY
KENDRA,KENNY
KEZIAH,KEZIAH
KEZIAH,KIZZIE
KEZIAH,KIZZA
KRISTY,CHRIS
KRISTY,KRISTY
LAMONT,LAMONT
LAMONT,MONTY
LAUREN,LAURIE
LAUREN,LAUREN
LAUREN,REN
LAURYN,LAURIE
LAURYN,LAURYN
LAVEDA,LAVEDA
LAVEDA,VEDA
LAVINA,INA
LAVINA,LAVINA
LAVINA,VINEY
LAVINA,VINA
LEANNE,LEA
LEANNE,ANNIE
LEANNE,LEANNE
LEMUEL,LEM
LEMUEL,LEMUEL
LENORA,LEE
LENORA,NORA
LENORA,LENORA
LESLIE,LESLIE
LESLIE,LES
LESTER,LES
LESTER,LESTER
LEVICY,VICY
LEVICY,LEVICY
LEVONE,VON
LEVONE,LEVONE
LILLAH,LIL
LILLAH,LILY
LILLAH,LILLAH
LILLAH,LOLLY
LILLAH,LILLY
LIONEL,LEON
LIONEL,LIONEL
LIZZIE,ELIZABETH
LIZZIE,LIZZIE
LIZZIE,LIZ
LOUISA,ELIZA
LOUISA,LOU
LOUISA,LOUISA
LOUISA,LOIS
LOUISE,LOU
LOUISE,LOIS
LOUISE,LOUISE
LOUISE,ELIZA
LUCIAS,LUCIAS
LUCIAS,LUKE
LUCINA,LUCINA
LUCINA,SINAH
LUELLA,LU
LUELLA,LULA
LUELLA,LUELLA
LUELLA,ELLA
LURANA,LURANA
LURANA,LURA
LUTHER,LUKE
LUTHER,LUTHER
LYNDON,LYNN
LYNDON,LINDY
LYNDON,LYNDON
MAHALA,MAHALA
MAHALA,HALLIE
MANOAH,NOAH
MANOAH,MANOAH
MANOLA,NONNIE
MANOLA,MANOLA
MANUEL,EMANUEL
MANUEL,MANNY
MANUEL,MANUEL
MARCUS,MARK
MARCUS,MARCUS
MARGIE,MARGIE
MARGIE,MARJORIE
MARIAH,MARIAH
MARIAH,MARIA
MARIAH,MARY
MARIAN,MARION
MARIAN,MARIANNA
MARIAN,MARIAN
MARION,MARION
MARION,MARY
MARSHA,MARSHA
MARSHA,MARCIE
MARSHA,MARY
MARTHA,MARTY
MARTHA,MATTIE
MARTHA,PATSY
MARTHA,PATTY
MARTHA,MAT
MARTHA,MARTHA
MARTIN,MARTIN
MARTIN,MARTY
MARVIN,MARVIN
MARVIN,MARV
MAVERY,MAVERY
MAVERY,MAVE
MAVINE,MAVINE
MAVINE,MAVE
MAXINE,MAXINE
MAXINE,MAX
MEDORA,DORA
MEDORA,MEDORA
MELODY,LODI
MELODY,MELODY
MELVIN,MELVIN
MELVIN,MEL
MERVYN,MERVYN
MERVYN,MERV
MINNIE,WILHELMINA
MINNIE,MINNIE
MIRIAM,MIRIAM
MIRIAM,MITZIE
MIRIAM,MITZI
MIRIAM,MIMI
MITZIE,MITTY
MITZIE,MITTIE
MITZIE,MITZIE
MONICA,MONICA
MONICA,MONNA
MONICA,MONNIE
MORRIS,MOREY
MORRIS,MORRIS
MURIEL,MUR
MURIEL,MURIEL
MYRTLE,MYRTLE
MYRTLE,MYRTI
MYRTLE,MERT
MYRTLE,MYRT
NADINE,DEEDEE
NADINE,NADA
NADINE,NADINE
NATHAN,NAT
NATHAN,NATHAN
NATHAN,NATE
NELSON,NELS
NELSON,NELSON
NICKIE,NICKIE
NICKIE,NICHOLAS
NICOLE,NICOLE
NICOLE,NOLE
NICOLE,COLE
NICOLE,NIKKI
NOWELL,NOEL
NOWELL,NOWELL
OLIVER,OLIVER
OLIVER,OLLIE
OLIVIA,OLIVIA
OLIVIA,LIVIA
OLIVIA,OLLIE
OLIVIA,NOLLIE
ORILLA,ORILLA
ORILLA,RILLY
ORILLA,ORA
OSWALD,OSSY
OSWALD,WALDO
OSWALD,OZZY
OSWALD,OSWALD
PAMELA,PAM
PAMELA,PAMELA
PHENEY,PHENEY
PHENEY,JOSEPHINE
PHILIP,PHIL
PHILIP,PHILIP
PHILLY,DELPHIA
PHILLY,PHILLY
PHOEBE,FIFI
PHOEBE,PHOEBE
RACHEL,RACHEL
RACHEL,SHELLY
RAMONA,MONA
RAMONA,RAMONA
REGGIE,REGINALD
REGGIE,REGGIE
REGINA,REGGIE
REGINA,REGINA
REGINA,GINA
RELIEF,LEAFA
RELIEF,RELIEF
REUBEN,RUBE
REUBEN,REUBEN
RICHIE,RICHIE
RICHIE,RICHARD
ROBERT,DOBBIN
ROBERT,HOB
ROBERT,HOBKIN
ROBERT,BOB
ROBERT,ROB
ROBERT,ROBERT
ROBERT,DOB
ROBERT,BOBBY
RODGER,HODGE
RODGER,ROD
RODGER,ROBIN
RODGER,ROGE
RODGER,ROBBY
RODGER,RUPERT
RODGER,BOBBY
RODGER,RODGER
ROLAND,LANNY
ROLAND,ROLLO
ROLAND,ORLANDO
ROLAND,ROLAND
ROLAND,ROLLY
RONALD,RONNY
RONALD,RON
RONALD,RONALD
RONALD,NALDO
RONNIE,RONNIE
RONNIE,RONALD
ROSCOE,ROSCOE
ROSCOE,ROSS
ROSINA,SINA
ROSINA,ROSINA
ROXANE,ROX
ROXANE,ROXANE
ROXANE,ROXIE
SALOME,LOOMIE
SALOME,SALOME
SAMSON,SAM
SAMSON,SAMSON
SAMUEL,SAMUEL
SAMUEL,SAMMY
SAMUEL,SAM
SAMYRA,SAMYRA
SAMYRA,MYRA
SANDRA,SANDY
SANDRA,CASSANDRA
SANDRA,SANDRA
SERENA,RENA
SERENA,SERENA
SHAINA,SHAY
SHAINA,SHA
SHAINA,SHAINA
SHARON,SHAY
SHARON,SHA
SHARON,SHARON
SHEILA,CECILIA
SHEILA,SHEILA
SHERYL,SHERYL
SHERYL,SHER
SIDNEY,SIDNEY
SIDNEY,SYD
SIDNEY,SID
SIMEON,SION
SIMEON,SI
SIMEON,SIMEON
SONDRA,SONNIE
SONDRA,DRE
SONDRA,SONDRA
SOPHIA,SOPHIE
SOPHIA,SOPHIA
STEVEN,STEPH
STEVEN,STEVE
STEVEN,STEVEN
STUART,STUART
STUART,STU
SYBILL,SYBILL
SYBILL,SIBBIE
SYDNEY,SID
SYDNEY,SYDNEY
TERESA,TERRY
TERESA,TERESA
THOMAS,TOM
THOMAS,THOMAS
THOMAS,THOM
THOMAS,TOMMY
TOBIAS,TOBIAS
TOBIAS,BIAS
TOBIAS,TOBY
TRISHA,TRISHA
TRISHA,PATRICIA
URSULA,SULA
URSULA,SULIE
URSULA,URSULA
VALERI,VAL
VALERI,VALERI
VICKIE,VICKIE
VICKIE,VICTORIA
VICTOR,VIC
VICTOR,VICTOR
VINSON,VINSON
VINSON,VINNY
VIVIAN,VIV
VIVIAN,VIVIAN
VIVIAN,VI
WALTER,WALTER
WALTER,WALT
WALTER,WALLY
WILBER,BERT
WILBER,WILBER
WILBER,WILL
WILBUR,WILLY
WILBUR,WILBUR
WILBUR,WILLIE
WILLIE,FRED
WILLIE,WILLIAM
WILLIE,WILLIE
WILLIS,WILLY
WILLIS,WILLIS
WILLIS,BILL
WILSON,WILLIE
WILSON,WILL
WILSON,WILLY
WILSON,WILSON
WINNIE,WINNIE
WINNIE,WINNIFRED
WINTON,WINTON
WINTON,WINT
YVONNE,YVONNE
YVONNE,VONNA
ABIGAIL,ABIGAIL
ABIGAIL,ABBY
ABIGAIL,NABBY
ABIGAIL,GAIL
ABRAHAM,ABE
ABRAHAM,AB
ABRAHAM,ABRAHAM
ABSALOM,ABBIE
ABSALOM,ABSALOM
ABSALOM,APP
ABSALOM,AB
ADALINE,LENA
ADALINE,DELIA
ADALINE,ADDY
ADALINE,ADA
ADALINE,DELL
ADALINE,ADALINE
ADELINE,ADA
ADELINE,DELL
ADELINE,ADDY
ADELINE,ADELINE
ADELINE,LENA
ADELINE,DELIA
ALANSON,AL
ALANSON,ALANSON
ALANSON,LANSON
ALAZAMA,ALI
ALAZAMA,ALAZAMA
ALBERTA,BERT
ALBERTA,ALBERTA
ALBERTA,BERTIE
ALBERTA,ALLIE
ALDRICH,RICHE
ALDRICH,RICH
ALDRICH,ALDRICH
ALFONSE,AL
ALFONSE,ALFONSE
ALFREDA,ALFREDA
ALFREDA,FREDDY
ALFREDA,ALFY
ALFREDA,FRIEDA
ALFREDA,FREDA
ALVERTA,VERT
ALVERTA,VIRDIE
ALVERTA,ALVERTA
AMBROSE,AMBROSE
AMBROSE,BROSE
ANNETTE,NETTIE
ANNETTE,ANNETTE
ANNETTE,ANNA
ANTHONY,TONY
ANTHONY,ANTHONY
ANTONIA,ANN
ANTONIA,ANTONIA
ANTONIA,NETTA
ANTONIA,TONY
AQUILLA,AQUILLA
AQUILLA,QUILLIE
AQUILLA,QUIL
ARIADNE,ARIE
ARIADNE,ARIADNE
ARIELLE,ARIE
ARIELLE,ARIELLE
ARIZONA,ARIZONA
ARIZONA,ONA
ARIZONA,ONIE
ARMANDA,ARMANDA
ARMANDA,MANDY
ARMILDA,ARMILDA
ARMILDA,MILLY
ARMINDA,MINDIE
ARMINDA,ARMINDA
ARMINTA,MINNIE
ARMINTA,MINITE
ARMINTA,ARMINTA
ARTEMUS,ART
ARTEMUS,ARTEMUS
ARTHUSA,ARTHUSA
ARTHUSA,THURSA
ASENATH,ASENATH
ASENATH,SENE
ASENATH,NATTY
ASENATH,ASSENE
AUGUSTA,AGGY
AUGUSTA,GUSSIE
AUGUSTA,AUGUSTA
AUGUSTA,GATSY
AUGUSTA,TINA
AURELIA,AURILLA
AURELIA,ORILLA
AURELIA,ORA
AURELIA,AURELIA
AURELIA,RILLY
AURELIA,REE
AZARIAH,AZARIAH
AZARIAH,AZE
AZARIAH,RIAH
BARBARA,BARBY
BARBARA,BABS
BARBARA,BAB
BARBARA,BOBBIE
BARBARA,BARBARA
BARBERY,BARBERY
BARBERY,BARBARA
BEDELIA,BEDELIA
BEDELIA,DELIA
BEDELIA,BRIDGIT
BELINDA,BELLE
BELINDA,LINDA
BELINDA,BELINDA
BERNARD,BERNARD
BERNARD,BERNEY
BERNARD,BERNIE
BERNARD,BARNEY
BERTRAM,BERT
BERTRAM,BERTRAM
BETHENA,THANEY
BETHENA,BETHENA
BETHENA,BETH
BEVERLY,BEVERLY
BEVERLY,BEV
BLANCHE,BEA
BLANCHE,BLANCHE
BOETIUS,BOETIUS
BOETIUS,BO
BRIDGET,BRIDIE
BRIDGET,BIDDIE
BRIDGET,BRIDGIE
BRIDGET,BIDDY
BRIDGET,BRIDGET
CALISTA,KISSY
CALISTA,CALISTA
CAMERON,RONNY
CAMERON,RON
CAMERON,CAMERON
CAMERON,CAM
CAMILLE,MILLIE
CAMILLE,CAMMIE
CAMILLE,CAMILLE
CANDACE,CANDY
CANDACE,CANDACE
CANDACE,DACEY
CARLTON,CARLTON
CARLTON,CARL
CAROLYN,LYNN
CAROLYN,CAROLYN
CAROLYN,CARRIE
CAROLYN,CASSIE
CASWELL,CASS
CASWELL,CASWELL
CECILIA,CECILIA
CECILIA,CISSY
CECILIA,CELIA
CELESTE,LESSIE
CELESTE,CELESTE
CELESTE,CELIA
CELINDA,CELINDA
CELINDA,LYNN
CELINDA,LINDA
CELINDA,LINDY
CHARITY,CHARITY
CHARITY,CHAT
CHARLES,CARL
CHARLES,CHUCK
CHARLES,CHARLES
CHARLES,CHICK
CHARLES,CHARLIE
CHARLIE,CHARLIE
CHARLIE,CHUCK
CHARLIE,CHARLES
CHESLEY,CHET
CHESLEY,CHESLEY
CHESTER,CHESTER
CHESTER,CHET
CHRISTA,CHRIS
CHRISTA,CHRISTA
CHRISTY,CHRISTY
CHRISTY,CRISSY
CLAUDIA,CLAUD
CLAUDIA,CLAUDIA
CLEATUS,CLEAT
CLEATUS,CLEATUS
CLEMENT,CLEM
CLEMENT,CLEMENT
CLIFTON,CLIFTON
CLIFTON,TONY
CLIFTON,CLIFF
CORINNE,CORA
CORINNE,ORA
CORINNE,CORINNE
CRYSTAL,TAL
CRYSTAL,CHRIS
CRYSTAL,STAL
CRYSTAL,CRYS
CRYSTAL,CRYSTAL
CYNTHIA,CYNTHIA
CYNTHIA,CINTHA
CYNTHIA,CINDY
DARLENE,DARLENE
DARLENE,LENA
DARLENE,DARRY
DEBORAH,DEBBIE
DEBORAH,DEBBY
DEBORAH,DEB
DEBORAH,DEBORAH
DELBERT,DEL
DELBERT,DELBERT
DELBERT,BERT
DELILAH,DELILAH
DELILAH,DELLA
DELILAH,DELL
DELILAH,LIL
DELILAH,LILA
DELORES,DELORES
DELORES,DELLA
DELORES,LOLA
DELORES,DEE
DELORES,DELL
DELORES,LOLLY
DEMARIS,DEMARIS
DEMARIS,DEA
DEMARIS,MARIS
DEMARIS,MARY
DERRICK,DERRICK
DERRICK,RICK
DERRICK,ERIC
DERRICK,RICKY
DICKSON,DICK
DICKSON,DICKSON
DOMENIC,DOMENIC
DOMENIC,DOM
DOMINIC,DOMINIC
DOMINIC,DOM
DORINDA,DORINDA
DORINDA,DOROTHEA
DORINDA,DORA
DOROTHY,DOTTY
DOROTHY,DOROTHY
DOROTHY,DOLLY
DOROTHY,DOT
DOROTHY,DORTHA
DOUGLAS,DOUG
DOUGLAS,DOUGLAS
EARNEST,ERNESTINE
EARNEST,EARNEST
EARNEST,ERNIE
EDUARDO,ED
EDUARDO,EDDY
EDUARDO,EDDIE
EDUARDO,EDUARDO
ELEANOR,NORA
ELEANOR,LENORA
ELEANOR,ELEANOR
ELEANOR,ELLIE
ELEANOR,ELLEN
ELEANOR,ELAINE
ELEANOR,LANNA
ELEANOR,NELLY
ELEAZER,ELEAZER
ELEAZER,LAZAR
ELMINIE,ELMINIE
ELMINIE,MINNIE
ELOUISE,LOUISE
ELOUISE,ELOUISE
ELSWOOD,ELSWOOD
ELSWOOD,ELSEY
EMANUEL,MANUEL
EMANUEL,MANNY
EMANUEL,EMANUEL
EMELINE,EM
EMELINE,EMILY
EMELINE,EMELINE
EMELINE,EMMY
EMELINE,MILLY
EMELINE,EMMA
EPHRAIM,EPH
EPHRAIM,EPHRAIM
ERASMUS,RASMUS
ERASMUS,ERASMUS
ERASMUS,RAZE
ESENETH,SENIE
ESENETH,ESENETH
ESTELLA,ESTELLA
ESTELLA,STELLA
ESTELLA,ESSY
ESTELLE,ESSY
ESTELLE,STELLA
ESTELLE,ESTELLE
EUDORIS,DOSIE
EUDORIS,EUDORIS
EUDORIS,DOSSIE
EVALINE,EVALINE
EVALINE,EVA
EVALINE,LENA
EVALINE,EVE
EZEKIEL,ZEKE
EZEKIEL,EZ
EZEKIEL,EZEKIEL
EZIDEEN,EZ
EZIDEEN,EZIDEEN
FELICIA,FELI
FELICIA,FELICIA
FELICIA,FELIX
FELICIA,FEL
FIDELIA,FIDELIA
FIDELIA,DELIA
FRANCES,FRAN
FRANCES,FRANNIE
FRANCES,FANNY
FRANCES,FRANCES
FRANCES,FRANKIE
FRANCES,CISSY
FRANCES,FRANNIEY
FRANCES,SIS
FRANCES,FRANCIE
FRANCIE,FRANCIE
FRANCIE,FRANCINE
FRANCIS,FRAN
FRANCIS,FRANCIS
FRANCIS,FRANK
FRANCIS,FRANKIE
FRANKIE,FRANCIS
FRANKIE,FRANK
FRANKIE,FRANKIE
GABRIEL,GABE
GABRIEL,GABRIEL
GABRIEL,GABBY
GEORGIA,GEORGIANA
GEORGIA,GEORGE
GEORGIA,GEORGIA
GILBERT,GILBERT
GILBERT,BERT
GILBERT,WILBER
GILBERT,GIL
GREGORY,GREGORY
GREGORY,GREG
HARRIET,HARRIET
HARRIET,HATTIE
HEATHER,HEATHER
HEATHER,HETTY
HELOISE,ELOUISE
HELOISE,LOIS
HELOISE,HELOISE
HELOISE,ELOISE
HERBERT,HERB
HERBERT,BERT
HERBERT,HERBERT
HOPKINS,HOP
HOPKINS,HOPP
HOPKINS,HOPKINS
ISADORA,DORA
ISADORA,ISADORA
ISADORA,ISSY
ISIDORE,IZZY
ISIDORE,ISIDORE
JACKSON,JACKSON
JACKSON,JACK
JACOBUS,JACOBUS
JACOBUS,JACOB
JANNETT,NETTIE
JANNETT,JANNETT
JEFFREY,GEOFF
JEFFREY,JEFFREY
JEFFREY,JEFF
JESSICA,JESSICA
JESSICA,JESSIE
JOHANNA,JO
JOHANNA,JOHANNA
JOSETTA,JOSETTA
JOSETTA,JETTIE
JUANITA,JUANITA
JUANITA,NITA
JUANITA,NETTIE
KATELIN,KAY
KATELIN,KATE
KATELIN,KATELIN
KATELIN,KAYE
KATELYN,KATE
KATELYN,KAY
KATELYN,KAYE
KATELYN,KATELYN
KATHRYN,KATHRYN
KATHRYN,KATHY
KENDALL,KENNY
KENDALL,KEN
KENDALL,KENDALL
KENNETH,KENNETH
KENNETH,KENDRICK
KENNETH,KEN
KENNETH,KENNY
KRISTEL,KRIS
KRISTEL,KRISTEL
KRISTEN,CHRIS
KRISTEN,KRISTEN
KRISTIN,CHRIS
KRISTIN,KRISTIN
LAVERNE,VERNON
LAVERNE,VERNA
LAVERNE,LAVERNE
LAVINIA,VINEY
LAVINIA,VINA
LAVINIA,LAVINIA
LAVINIA,INA
LAVONIA,VINEY
LAVONIA,VINA
LAVONIA,WYNCHA
LAVONIA,LAVONIA
LAVONIA,VONNIE
LAVONNE,VON
LAVONNE,LAVONNE
LEONARD,LEON
LEONARD,LEONARD
LEONARD,LEO
LEONARD,LINEAU
LEONARD,LEN
LEONARD,LENNY
LEONORA,NORA
LEONORA,LEONORA
LEONORA,NELLIE
LEONORA,NELL
LEONORE,NORA
LEONORE,HONOR
LEONORE,LEONORE
LEONORE,ELENOR
LETITIA,LETTICE
LETITIA,LETITIA
LETITIA,TISH
LETITIA,TITIA
LETITIA,LETTIE
LILLIAN,LILLY
LILLIAN,LILLIAN
LILLIAN,LOLLY
LILLIAN,LIL
LINCOLN,LINK
LINCOLN,LINCOLN
LORENZO,LORENZO
LORENZO,LOREN
LORETTA,RETTA
LORETTA,LORETTA
LORETTA,ETTA
LORETTA,LORRIE
LUCILLE,LU
LUCILLE,LOU
LUCILLE,LUCILLE
LUCILLE,LUCY
LUCILLE,CILLE
LUCINDA,LU
LUCINDA,LUCY
LUCINDA,CINDY
LUCINDA,LUCINDA
LUCINDA,LOU
LUNETTA,NETTIE
LUNETTA,LUNETTA
MADISON,MATTIE
MADISON,MADDY
MADISON,MADISON
MALACHI,MALACHI
MALACHI,MALLY
MALCOLM,MALC
MALCOLM,MAC
MALCOLM,MALCOLM
MALCOLM,MAL
MALINDA,LINDY
MALINDA,MALINDA
MANERVA,EVE
MANERVA,NERVIE
MANERVA,MINERVA
MANERVA,NERVA
MANERVA,MANERVA
MARILYN,MARY
MARILYN,MARILYN
MARISSA,MARISSA
MARISSA,RISSA
MARTINA,MARTINA
MARTINA,TINA
MARTINE,TINE
MARTINE,MARTINE
MATILDA,MATTY
MATILDA,TILLY
MATILDA,MAUD
MATILDA,MATILDA
MATTHEW,THIAS
MATTHEW,MATTHEW
MATTHEW,MATTIE
MATTHEW,MATT
MATTHEW,THYS
MATTHEW,MATTY
MAUREEN,MARY
MAUREEN,MAUREEN
MAURICE,MOREY
MAURICE,MAURICE
MCKENNA,MCKENNA
MCKENNA,KEN
MCKENNA,MEAKA
MCKENNA,KENNA
MELANIE,MELLIE
MELANIE,MELANIE
MELINDA,MELINDA
MELINDA,LYNN
MELINDA,MEL
MELINDA,MINDY
MELINDA,LINDA
MELINDA,LINDY
MELISSA,MELISSA
MELISSA,LISSA
MELISSA,MISSY
MELISSA,MILLY
MELISSA,MEL
MELISSA,LISA
MELLONY,MELLIA
MELLONY,MELLONY
MELVINA,MELVINA
MELVINA,VINA
MICAJAH,MICAJAH
MICAJAH,CAGE
MICHAEL,MICHAEL
MICHAEL,MIKE
MICHAEL,MICAH
MICHAEL,MICK
MICHAEL,MICKY
MILDRED,MILLY
MILDRED,MILDRED
MINERVA,MINNIE
MINERVA,MINERVA
MIRANDA,MIRA
MIRANDA,MIRANDA
MIRANDA,MANDY
MIRANDA,RANDY
NATALIE,NATALIE
NATALIE,NATTY
NATALIE,NETTIE
NATASHA,TASHA
NATASHA,NAT
NATASHA,NATASHA
NORBERT,NORBERT
NORBERT,BERT
NORBERT,NORBY
OBADIAH,DYER
OBADIAH,OBED
OBADIAH,DIAH
OBADIAH,OBIE
OBADIAH,OBADIAH
OCTAVIA,OCTAVIA
OCTAVIA,TAVE
OCTAVIA,TAVIA
ORLANDO,ORLANDO
ORLANDO,ROLAND
PANDORA,PANDORA
PANDORA,DORA
PATRICK,PATRICK
PATRICK,PADDY
PATRICK,PATSY
PATRICK,PETER
PATRICK,PAT
PATRICK,PATE
PAULINA,POLLY
PAULINA,LINA
PAULINA,PAULINA
PAULINE,POLLY
PAULINE,PAULINE
PHERIBA,FERBIE
PHERIBA,PHERBIA
PHERIBA,PHERIBA
PHILLIP,PHIL
PHILLIP,PHILLIP
RAFAELA,RAFAELA
RAFAELA,RAFA
RAPHAEL,RAPHAEL
RAPHAEL,RALPH
RAYMOND,RAYMOND
RAYMOND,RAY
REBECCA,BECKY
REBECCA,BECCA
REBECCA,BECK
REBECCA,REBECCA
REBECCA,REBA
REYNOLD,REYNOLD
REYNOLD,REGINALD
RICARDO,RICARDO
RICARDO,RICKY
RICARDO,RICK
RICHARD,DICKY
RICHARD,RICHARD
RICHARD,DICK
RICHARD,RICK
RICHARD,RICH
RICHARD,DICKIE
RICHARD,RICKY
RICHARD,DICKON
ROBERTA,BOBBI
ROBERTA,BOBBIE
ROBERTA,BERTIE
ROBERTA,ROBBIE
ROBERTA,BERT
ROBERTA,BIRDIE
ROBERTA,ROBERTA
ROSABEL,ROSA
ROSABEL,ROSABEL
ROSABEL,BELLE
ROSABEL,ROZ
ROSABEL,ROSE
ROSALYN,ROZ
ROSALYN,ROSA
ROSALYN,ROSALYN
ROSALYN,ROSE
ROSALYN,LINDA
ROSEANN,ROZ
ROSEANN,ROSEANN
ROSEANN,ROSE
ROSEANN,ANN
ROSEANN,ROSIE
ROXANNA,ROSE
ROXANNA,ANN
ROXANNA,ROXIE
ROXANNA,ROXANNA
ROXANNE,ANN
ROXANNE,ROXIE
ROXANNE,ROXANNE
ROXANNE,ROSE
RUDOLPH,DOLPH
RUDOLPH,RUDOLPH
RUDOLPH,ROLF
RUDOLPH,RUDY
RUDOLPH,OLPH
RUSSELL,RUSTY
RUSSELL,RUSS
RUSSELL,RUSSELL
SABRINA,SABRINA
SABRINA,BRINA
SAMPSON,SAMPSON
SAMPSON,SAM
SANFORD,SANFORD
SANFORD,SANDY
SARILLA,SILLA
SARILLA,SARILLA
SERILLA,RILLA
SERILLA,SERILLA
SEYMOUR,SEE
SEYMOUR,SEYMOUR
SEYMOUR,MOREY
SHELDON,SHELDON
SHELDON,SHELLY
SHELTON,SHELLY
SHELTON,SHEL
SHELTON,SHELTON
SHELTON,TONY
SHIRLEY,SHIRL
SHIRLEY,SHIRLEY
SHIRLEY,LEE
SHIRLEY,SHERRY
SIGFRID,SIGFRID
SIGFRID,SID
SILENCE,LILEY
SILENCE,SILENCE
SOLOMON,SAL
SOLOMON,SAUL
SOLOMON,SOLOMON
SOLOMON,SALMON
SOLOMON,ZOLLY
SOLOMON,SOLLY
SOLOMON,SOL
STEPHAN,STEVE
STEPHAN,STEPHAN
STEPHEN,STEVE
STEPHEN,STEPHEN
STEPHEN,STEPH
SUZANNE,SUE
SUZANNE,SUKI
SUZANNE,SUSIE
SUZANNE,SUZANNE
TABITHA,TABITHA
TABITHA,TABBY
TAMARRA,TAMMY
TAMARRA,TAMARRA
TANAFRA,TANNY
TANAFRA,TANAFRA
TERENCE,TERRY
TERENCE,TERENCE
THEOTHA,THEOTHA
THEOTHA,OTHA
THERESA,THERESA
THERESA,TESS
THERESA,TERRY
THERESA,TESSA
THERESA,TESSIE
THERESA,TRACY
THERESA,THURSA
THERESA,THIRZA
THOMASA,TAMZINE
THOMASA,THOMASA
TIFFANY,TIFF
TIFFANY,TIFFANY
TIFFANY,TIFFY
TILFORD,TILLIE
TILFORD,TILFORD
TIMOTHY,TIMMY
TIMOTHY,TIMOTHY
TIMOTHY,TIM
VALERIE,VAL
VALERIE,VALERIE
VANESSA,VANNA
VANESSA,VANESSA
VANESSA,NESSA
VANESSA,ESSA
VINCENT,VINCENT
VINCENT,VINNIE
VINCENT,VIN
VINCENT,VINNY
VINCENT,VINCE
VINCENT,VIC
WALLACE,WALLY
WALLACE,WALLACE
WEBSTER,WEBSTER
WEBSTER,WEBB
WILFRED,WILFRED
WILFRED,FRED
WILFRED,WILL
WILFRED,WILLIE
WILLIAM,BELL
WILLIAM,WILLY
WILLIAM,BELA
WILLIAM,WILLIAM
WILLIAM,BILL
WILLIAM,WILLIE
WILLIAM,BILLY
WILLIAM,WILL
WOODROW,DREW
WOODROW,WOODY
WOODROW,WOOD
WOODROW,WOODROW
ZEBEDEE,ZEBEDEE
ZEBEDEE,ZEB
ABEDNEGO,BEDNEY
ABEDNEGO,ABEDNEGO
ADELAIDE,ADELAIDE
ADELAIDE,DELL
ADELAIDE,HEIDI
ADELAIDE,ADELE
ADELAIDE,ADDY
ADELAIDE,DELLA
ADELBERT,BERT
ADELBERT,ADELBERT
ADELBERT,DEL
ADELBERT,DELBERT
ADELBERT,ALBERT
ADELPHIA,ADELE
ADELPHIA,ADELPHIA
ADELPHIA,DELPHIA
ADELPHIA,PHILLY
ADELPHIA,DELL
ADELPHIA,ADDY
ADOLPHUS,DOLPH
ADOLPHUS,ADOLPHUS
ADOLPHUS,ADOLPH
ADOLPHUS,ADO
ADRIENNE,ADRIAN
ADRIENNE,ADRIENNE
ALASTAIR,AL
ALASTAIR,ALASTAIR
ALGERNON,ALGY
ALGERNON,ALGERNON
ANDERSON,ANDY
ANDERSON,ANDERSON
ANGELINA,ANGELINA
ANGELINA,LINA
APPOLINE,APPIE
APPOLINE,APPY
APPOLINE,APPOLINE
ARABELLA,BELLA
ARABELLA,BELLE
ARABELLA,ARABELLA
ARABELLA,ARRY
ARABELLA,ARA
ARABELLE,ARA
ARABELLE,BELLA
ARABELLE,BELLE
ARABELLE,ARABELLE
ARABELLE,ARRY
ARAMINTA,ARAMINTA
ARAMINTA,RUMINTA
ARAMINTA,ARMIDA
ARAMINTA,MIDDIE
ARAMINTA,MINTY
AUGUSTUS,AUGUSTUS
AUGUSTUS,AUGUST
AUGUSTUS,AUSTIN
AUGUSTUS,GUS
AVARILLA,RILLA
AVARILLA,AVARILLA
BARNABAS,BARNEY
BARNABAS,BARNABAS
BARTICUS,BART
BARTICUS,BARTICUS
BAZALEEL,BAZALEEL
BAZALEEL,BASIL
BEATRICE,BEA
BEATRICE,TRIX
BEATRICE,TRIXIE
BEATRICE,TRISHA
BEATRICE,BEATRICE
BENEDICT,BENNIE
BENEDICT,BEN
BENEDICT,BENEDICT
BENJAMIN,BENJY
BENJAMIN,JAMIE
BENJAMIN,BENJAMIN
BENJAMIN,BENNIE
BENJAMIN,BEN
BEZALEEL,BEZALEEL
BEZALEEL,ZEELY
BRADFORD,FORD
BRADFORD,BRADFORD
BRADFORD,BRAD
BRITTANY,BRITTANY
BRITTANY,BRITT
CALDONIA,CALDONIA
CALDONIA,CALLIEDONA
CAMPBELL,CAMPBELL
CAMPBELL,CAM
CARLOTTA,CARLOTTA
CARLOTTA,LOTTIE
CAROLANN,CAROLANN
CAROLANN,CAROLE
CAROLANN,CAROL
CAROLINE,CAROLINE
CAROLINE,CASSIE
CAROLINE,CAROL
CAROLINE,CARRIE
CAROLINE,CAROLE
CAROLINE,LYNN
CATHLEEN,CATHY
CATHLEEN,KAY
CATHLEEN,CASSIE
CATHLEEN,TRINA
CATHLEEN,CATHLEEN
CATHLEEN,KATY
CATHLEEN,KIT
CATHLEEN,KITTIE
CATHLEEN,LENA
CATHLEEN,KATHY
CHAUNCEY,CHAUNCEY
CHAUNCEY,CHAN
CLARENCE,CLARENCE
CLARENCE,CLAIR
CLARENCE,CLARE
CLARINDA,CLARA
CLARINDA,CLARINDA
CLARISSA,CLARISSA
CLARISSA,CISSY
CLARISSA,CLARA
CLIFFORD,FORD
CLIFFORD,CLIFFORD
CLIFFORD,CLIFF
COLUMBUS,COLUMBUS
COLUMBUS,CLUM
CORDELIA,DELIA
CORDELIA,CORDELIA
CORDELIA,CORDY
CORNELIA,NELLY
CORNELIA,CORNY
CORNELIA,NELIA
CORNELIA,NELLE
CORNELIA,CORNELIA
CORNELIA,CORNIE
COURTNEY,COURT
COURTNEY,CURT
COURTNEY,COURTNEY
CYRENIUS,CENE
CYRENIUS,SWENE
CYRENIUS,RENIUS
CYRENIUS,SERENE
CYRENIUS,CYRENIUS
CYRENIUS,CY
DANIELLE,DANI
DANIELLE,ELLIE
DANIELLE,DANIELLE
DELPHINE,DEL
DELPHINE,DELPHINE
DELPHINE,DELF
DELPHINE,DELPHI
DEMERIAS,MARIS
DEMERIAS,DEMERIAS
DEMERIAS,DEA
DEMERIAS,MARY
DENNISON,DENNISON
DENNISON,DENNY
DOROTHEA,DOROTHEA
DOROTHEA,DODA
DOROTHEA,DORA
DRUSILLA,SILLA
DRUSILLA,DRUSILLA
EBENEZER,EB
EBENEZER,EBENEZER
EBENEZER,EBBIE
EBENEZER,EBEN
ELLENDER,HELEN
ELLENDER,ELLENDER
ELLENDER,NELLIE
ELLENDER,ELLEN
ELLSWOOD,ELSEY
ELLSWOOD,ELLSWOOD
EUPHEMIA,EFFY
EUPHEMIA,EUPHEMIA
EUPHEMIA,EFFIE
EURYDICE,EURYDICE
EURYDICE,DICEY
EUSTACIA,STACIA
EUSTACIA,EUSTACIA
EUSTACIA,STACY
FELICITY,TICK
FELICITY,FLICK
FELICITY,FELICITY
FLORENCE,FLOSSY
FLORENCE,FLORENCE
FLORENCE,FLO
FLORENCE,FLORA
FRANCINE,FRANCINE
FRANCINE,FRANNIEY
FRANCINE,FRANCIE
FRANCINE,FRANNIE
FRANCINE,FRAN
FRANKLIN,FRAN
FRANKLIN,FRANKLIN
FRANKLIN,FRANK
GEOFFREY,JEFF
GEOFFREY,GEOFFREY
GEOFFREY,GEOFF
GERHARDT,GAY
GERHARDT,GERHARDT
GERTRUDE,GERTRUDE
GERTRUDE,GERT
GERTRUDE,GERTIE
GERTRUDE,TRUDY
GOVERNOR,GOVIE
GOVERNOR,GOVERNOR
GRETCHEN,GRETCHEN
GRETCHEN,MARGARET
GRISELDA,GRISSEL
GRISELDA,GRISELDA
GUSTAVUS,GUSTAVUS
GUSTAVUS,GUS
HAMILTON,HAMILTON
HAMILTON,HAM
HEPSIBAH,HIPSIE
HEPSIBAH,HEPSIBAH
HERMIONE,HERMIE
HERMIONE,HERMIONE
HEZEKIAH,KIAH
HEZEKIAH,HEZ
HEZEKIAH,HEZEKIAH
HEZEKIAH,HY
HORTENSE,HARTY
HORTENSE,TENSEY
HORTENSE,HORTENSE
IGNATIUS,IGNATIUS
IGNATIUS,NACE
IGNATIUS,NATE
IGNATIUS,IGGY
IGNATIUS,NATIUS
IGNATZIO,NAZ
IGNATZIO,NACE
IGNATZIO,IGNATZIO
IGNATZIO,IGGY
IMMANUEL,EMMANUEL
IMMANUEL,MANUEL
IMMANUEL,IMMANUEL
ISABELLA,ISABELLA
ISABELLA,NIB
ISABELLA,NIBBY
ISABELLA,BELLA
ISABELLA,TIBBIE
ISABELLA,IB
ISABELLA,ISSY
ISABELLA,BELLE
ISABELLE,ISABELLE
ISABELLE,IB
ISABELLE,NIB
ISABELLE,TIBBIE
ISABELLE,BELLE
ISABELLE,BELLA
ISABELLE,NIBBY
ISABELLE,ISSY
JEANETTE,JESSIE
JEANETTE,JEAN
JEANETTE,JANET
JEANETTE,NETTIE
JEANETTE,JEANETTE
JEDEDIAH,JED
JEDEDIAH,JEDEDIAH
JEDEDIAH,DYER
JEDEDIAH,DIAH
JEDIDIAH,JEDIDIAH
JEDIDIAH,JED
JEFFEREY,JEFFEREY
JEFFEREY,JEFF
JENNIFER,JENNIE
JENNIFER,JENNIFER
JEREMIAH,JEREMIAH
JEREMIAH,JEREME
JEREMIAH,JERRY
JOHANNAH,NONIE
JOHANNAH,JOAN
JOHANNAH,HANNAH
JOHANNAH,JOHANNAH
JOHANNAH,JODY
JOHANNES,JONATHAN
JOHANNES,JOHANNES
JOHANNES,JOHNNY
JOHANNES,JOHN
JONATHAN,JOHN
JONATHAN,JONATHAN
JONATHAN,NATHAN
KATARINA,KATARINA
KATARINA,CATHERINE
KATARINA,TINA
KATHLEEN,KATY
KATHLEEN,LENA
KATHLEEN,KATHY
KATHLEEN,CASSIE
KATHLEEN,KITTIE
KATHLEEN,CATHY
KATHLEEN,TRINA
KATHLEEN,KIT
KATHLEEN,KAY
KATHLEEN,KATHLEEN
KENDRICK,KENDRICK
KENDRICK,KEN
KENDRICK,KENNY
KIMBERLY,KIM
KIMBERLY,KIMBERLY
KINGSLEY,KINGSLEY
KINGSLEY,KING
KINGSTON,KINGSTON
KINGSTON,KING
KRISTINE,KRISTY
KRISTINE,KRISTINE
KRISTINE,CHRIS
KRISTINE,TINA
KRISTINE,KRIS
KRISTINE,CHRISTY
KRISTINE,CRISSY
LAODICIA,LAODICIA
LAODICIA,DICY
LAODICIA,CENIA
LAURENCE,LAURENCE
LAURENCE,LORNE
LAURENCE,LARRY
LAURENCE,LON
LAURENCE,LORRY
LAURENCE,LONNY
LAURINDA,LAURA
LAURINDA,LAURINDA
LAURINDA,LAWRENCE
LAWRENCE,LONNY
LAWRENCE,LARRY
LAWRENCE,LON
LAWRENCE,LORNE
LAWRENCE,LAWRENCE
LAWRENCE,LORRY
LECURGUS,LECURGUS
LECURGUS,CURG
LEONIDAS,LEE
LEONIDAS,LEON
LEONIDAS,LEONIDAS
LORRAINE,LORRAINE
LORRAINE,LORRIE
LOUVINIA,LOUVINIA
LOUVINIA,VINA
LOUVINIA,VINEY
LOUVINIA,WYNCHA
LOUVINIA,VONNIE
LUCRETIA,CREASEY
LUCRETIA,LUCRETIA
MADELINE,MAGDA
MADELINE,MAGGIE
MADELINE,MADDY
MADELINE,MADELINE
MADELINE,MADGE
MADELINE,LENA
MARGARET,PEG
MARGARET,PEGGY
MARGARET,MARGE
MARGARET,MEG
MARGARET,MAGGY
MARGARET,DAISY
MARGARET,MADGE
MARGARET,MARGARET
MARGARET,GRETTA
MARGARET,MARGERY
MARGARET,MARGY
MARGARET,MIDGE
MARGARET,RITA
MARGARET,MAGGIE
MARGARET,MARGIE
MARIETTA,MARIAH
MARIETTA,MARIETTA
MARIETTA,MITZI
MARIETTA,MARIE
MARIETTA,MARION
MARIETTA,MINNIE
MARIETTA,MAUREEN
MARIETTA,POLLY
MARIETTA,MARIA
MARIETTA,MAY
MARIETTA,MOLLY
MARIETTA,MERCY
MARIETTA,MOLLIE
MARIETTA,MAE
MARIETTA,MAMIE
MARIETTA,MARY
MARJORIE,MARJORIE
MARJORIE,MARGIE
MARJORIE,MARGY
MATHILDA,MATHILDA
MATHILDA,TILLIE
MATHILDA,PATTY
MATTHIAS,THYS
MATTHIAS,MATTHIAS
MATTHIAS,THIAS
MATTHIAS,MATT
MERCEDES,MERCEDES
MERCEDES,SADIE
MERCEDES,MERCI
MERCEDES,MERCY
MICHELLE,MICHELLE
MICHELLE,MICKEY
MITCHELL,MITCH
MITCHELL,MITCHELL
MORTIMER,MORTIMER
MORTIMER,MORT
NAPOLEON,LEON
NAPOLEON,NAPPY
NAPOLEON,NAP
NAPOLEON,NAPOLEON
NICHOLAS,NICHOLAS
NICHOLAS,CLAAS
NICHOLAS,CLAES
NICHOLAS,NICK
ORPHELIA,ORPHELIA
ORPHELIA,PHELIA
PARMELIA,MELIA
PARMELIA,PARMELIA
PARMELIA,AMELIA
PARMELIA,MILLY
PATIENCE,PAT
PATIENCE,PATTY
PATIENCE,PATIENCE
PATRICIA,PAT
PATRICIA,PATSY
PATRICIA,PATTY
PATRICIA,PATRICIA
PATRICIA,TRICIA
PENELOPE,PENNY
PENELOPE,PENELOPE
PERCIVAL,PERCY
PERCIVAL,PERCIVAL
PERMELIA,MELLIE
PERMELIA,MILLY
PERMELIA,PERMELIA
PERMELIA,MELLY
PERNETTA,NETTIE
PERNETTA,PERNETTA
PHILETUS,PHIL
PHILETUS,PHILETUS
PHILETUS,LEET
PHILINDA,LINDY
PHILINDA,LYNN
PHILINDA,PHILINDA
PHILINDA,LINDA
PINCKNEY,PINK
PINCKNEY,PINCKNEY
PLEASANT,PLEASANT
PLEASANT,PLES
POSTHUMA,HUMEY
POSTHUMA,POSTHUMA
PRESCOTT,SCOTTY
PRESCOTT,PRESCOTT
PRESCOTT,SCOTT
PRESCOTT,PRES
PRUDENCE,PRUE
PRUDENCE,PRUDENCE
PRUDENCE,PRUDY
RANDOLPH,DOLPH
RANDOLPH,RANDOLPH
RANDOLPH,RANDY
REGINALD,NALDO
REGINALD,RENNY
REGINALD,REGINALD
REGINALD,REG
REGINALD,REGGIE
RHODELLA,DELLA
RHODELLA,RHODELLA
RODERICK,RODERICK
RODERICK,ROD
RODERICK,ERICK
RODERICK,RICKIE
ROSEANNA,ANN
ROSEANNA,ROSEANNA
ROSEANNA,ROSIE
ROSEANNA,ROZ
ROSEANNA,ROSE
ROSEANNE,ROSEANNE
ROSEANNE,ANN
SALVADOR,SALVADOR
SALVADOR,SAL
SAMANTHA,SAM
SAMANTHA,SAMMY
SAMANTHA,SAMANTHA
SAMANTHA,MANTHA
SAVANNAH,SAVANNAH
SAVANNAH,ANNA
SAVANNAH,VANNIE
SHERIDAN,SHER
SHERIDAN,DANNY
SHERIDAN,DAN
SHERIDAN,SHERIDAN
SIBBILLA,SIBBIE
SIBBILLA,SIBBELL
SIBBILLA,SYBILL
SIBBILLA,SIBBILLA
SIGFIRED,SIGFIRED
SIGFIRED,SID
SOCRATES,CRATE
SOCRATES,SOCRATES
SULLIVAN,VAN
SULLIVAN,SULLIVAN
SULLIVAN,SULLY
SUSANNAH,SUSANNAH
SUSANNAH,SUE
SUSANNAH,SUKEY
SUSANNAH,SUSIE
SUSANNAH,HANNAH
SYLVANUS,SYLVANUS
SYLVANUS,SLY
SYLVANUS,SYL
THADDEUS,THAD
THADDEUS,THADDEUS
THEODORA,THEODORA
THEODORA,DORA
THEODORE,THEODORE
THEODORE,THEO
THEODORE,TED
THEODORE,TEDDY
TRYPHENA,PHENA
TRYPHENA,TRYPHENA
VANBUREN,VANBUREN
VANBUREN,BUREN
VANDALIA,VANNIE
VANDALIA,VANDALIA
VERNISEE,NICEY
VERNISEE,VERNISEE
VERONICA,RON
VERONICA,VONNIE
VERONICA,RONNA
VERONICA,FRONY
VERONICA,RONNIE
VERONICA,RONIE
VERONICA,FRANKY
VERONICA,VERONICA
VICTORIA,VICTORIA
VICTORIA,VICKI
VICTORIA,TORIE
VICTORIA,TORY
VICTORIA,VIC
VICTORIA,VICKY
VINCENZO,VIN
VINCENZO,VINNIE
VINCENZO,VIC
VINCENZO,VINNY
VINCENZO,VINCENZO
VIOLETTA,LETTIE
VIOLETTA,VIOLETTA
VIRGINIA,JENNIE
VIRGINIA,VIRGY
VIRGINIA,GINNY
VIRGINIA,GINGER
VIRGINIA,JANE
VIRGINIA,VIRGINIA
WINFIELD,WINFIELD
WINFIELD,WINNY
WINFIELD,FIELD
WINFIELD,WIN
WINIFRED,WINIFRED
WINIFRED,WINNIE
WINIFRED,FREDDIE
WINIFRED,WINNET
ZEDEDIAH,DIAH
ZEDEDIAH,ZED
ZEDEDIAH,DYER
ZEDEDIAH,ZEDEDIAH
ALEXANDER,ALEXANDER
ALEXANDER,AL
ALEXANDER,ALEX
ALEXANDER,SANDY
ALEXANDRA,ALLA
ALEXANDRA,SANDRA
ALEXANDRA,SANDY
ALEXANDRA,ALEX
ALEXANDRA,ALEXANDRA
ALPHINIAS,ALPHINIAS
ALPHINIAS,ALPHUS
ANASTASIA,ANASTASIA
ANASTASIA,STACY
ANASTASIA,ANA
ARCHIBALD,ARCHIE
ARCHIBALD,ARCHIBALD
ARCHILLES,KILL
ARCHILLES,KILLIS
ARCHILLES,ARCHILLES
ARISTOTLE,ARISTOTLE
ARISTOTLE,TELLY
ARTELEPSA,ARTELEPSA
ARTELEPSA,EPSEY
AUGUSTINA,AUGUSTINA
AUGUSTINA,GATSY
AUGUSTINA,TINA
AUGUSTINA,AGGY
AUGUSTINA,GUSSIE
AUGUSTINE,AUGUST
AUGUSTINE,AUGUSTINE
AUGUSTINE,GUS
AUGUSTINE,AUSTIN
BRODERICK,BRODY
BRODERICK,BRADY
BRODERICK,BRODERICK
BRODERICK,RICKY
BRODERICK,RICK
CALPURNIA,CALPURNIA
CALPURNIA,CALLY
CARMELLIA,MELLIA
CARMELLIA,CARMELLIA
CASSANDRA,SANDRA
CASSANDRA,SANDY
CASSANDRA,CASSIE
CASSANDRA,CASSANDRA
CATHERINE,CATHERINE
CATHERINE,CATHY
CATHERINE,CASSIE
CATHERINE,LENA
CATHERINE,KITTIE
CATHERINE,KATHY
CATHERINE,KATY
CATHERINE,KIT
CATHERINE,TRINA
CATHERINE,KAY
CHARLOTTE,SHERRY
CHARLOTTE,CHARLOTTE
CHARLOTTE,CHAR
CHARLOTTE,LOTTIE
CHARLOTTE,LOTTA
CHRISTIAN,CHRISTIAN
CHRISTIAN,KIT
CHRISTIAN,CHRIS
CHRISTINA,TINA
CHRISTINA,KRIS
CHRISTINA,CHRISTY
CHRISTINA,CHRISTINA
CHRISTINA,CRISSY
CHRISTINA,KRISTY
CHRISTINA,CHRIS
CHRISTINE,CHRISTINE
CHRISTINE,TINA
CHRISTINE,KRIS
CHRISTINE,CHRIS
CHRISTINE,KRISTY
CHRISTINE,CRISSY
CHRISTINE,CHRISSY
CONSTANCE,CONNIE
CONSTANCE,CONSTANCE
CORNELIUS,CON
CORNELIUS,CONNY
CORNELIUS,CORNY
CORNELIUS,NIEL
CORNELIUS,CORNELIUS
ELBERTSON,ELBERTSON
ELBERTSON,BERT
ELBERTSON,ELBERT
ELIPHALEL,ELIPHALEL
ELIPHALEL,LIFE
ELIPHALET,ELIPHALET
ELIPHALET,LEFT
ELIZABETH,LIBBY
ELIZABETH,ELIZA
ELIZABETH,ELIZABETH
ELIZABETH,LIZA
ELIZABETH,BESSIE
ELIZABETH,LIZZIE
ELIZABETH,BETSY
ELIZABETH,BESS
ELIZABETH,BETTY
ELIZABETH,LISA
ELIZABETH,LIB
ELIZABETH,BETH
ELIZABETH,LIZ
ERNESTINE,ERNA
ERNESTINE,ERNEST
ERNESTINE,ERNESTINE
ERNESTINE,TEENY
ERNESTINE,TINA
FERDINAND,FRED
FERDINAND,FERDINAND
FERDINAND,FERDIE
FERDINAND,FREDDY
FERDINAND,FREDDIE
FRANKLIND,FRANKLIND
FRANKLIND,FRANK
FREDERICA,FREDERICA
FREDERICA,FREDERICK
FREDERICK,FREDDY
FREDERICK,FRITZ
FREDERICK,FREDERICK
FREDERICK,FRED
FREDERICK,FREDDIE
GABRIELLA,GABBY
GABRIELLA,ELLA
GABRIELLA,GABRIELLA
GABRIELLE,GABRIELLE
GABRIELLE,GABBY
GABRIELLE,ELLA
GENEVIEVE,JENNY
GENEVIEVE,JEAN
GENEVIEVE,EVE
GENEVIEVE,GENEVIEVE
GERALDINE,GERALDINE
GERALDINE,GERRIE
GERALDINE,JERRY
GERALDINE,GERRY
GERALDINE,DINA
GWENDOLYN,WENDY
GWENDOLYN,GWEN
GWENDOLYN,GWENDOLYN
HASELTINE,HASSIE
HASELTINE,HASELTINE
HENRIETTA,HENRIETTA
HENRIETTA,ETTY
HENRIETTA,HANK
HENRIETTA,RETTA
HENRIETTA,NETTIE
HENRIETTA,ETTA
HEPHSIBAH,HIPSIE
HEPHSIBAH,HEPHSIBAH
JEFFERSON,JEFF
JEFFERSON,JEFFERSON
JEFFERSON,SONNY
JOSEPHINE,FINA
JOSEPHINE,JOSEPHINE
JOSEPHINE,JO
JOSEPHINE,JOEY
JOSEPHINE,JODY
JOSEPHINE,JOSEY
KATHERINE,KAY
KATHERINE,LENA
KATHERINE,CASSIE
KATHERINE,TRINA
KATHERINE,KATHY
KATHERINE,KAYE
KATHERINE,KATE
KATHERINE,KATHERINE
KATHERINE,KIT
KATHERINE,CATHY
KATHERINE,KATY
KATHERINE,KITTIE
KIMBERLEY,KIM
KIMBERLEY,KIMBERLEY
LAFAYETTE,LAFFIE
LAFAYETTE,LAFAYETTE
LAFAYETTE,FATE
MACKENZIE,MAC
MACKENZIE,MACK
MACKENZIE,KENZY
MACKENZIE,MACKENZIE
MAGDALENA,LENA
MAGDALENA,MAGDALENA
MAGDALENA,MAGGIE
MAGDELINA,LENA
MAGDELINA,MAGDELINA
MAGDELINA,MAGDA
MAGDELINA,MADGE
MARGARITA,GRETA
MARGARITA,MIDGE
MARGARITA,DAISY
MARGARITA,MEGAN
MARGARITA,PEGGIE
MARGARITA,METTA
MARGARITA,MARGE
MARGARITA,RITA
MARGARITA,MAGGIE
MARGARITA,MARGO
MARGARITA,MEG
MARGARITA,MAISIE
MARGARITA,MADGE
MARGARITA,MARGARITA
MEHITABEL,MABEL
MEHITABEL,HITTY
MEHITABEL,MEHITABEL
MEHITABEL,HETTY
MEHITABEL,MITTY
MILLICENT,MILLICENT
MILLICENT,MISSY
MILLICENT,MILLY
MONTELEON,MONTELEON
MONTELEON,MONTE
MONTESQUE,MONTESQUE
MONTESQUE,MONTY
NATHANIEL,THAN
NATHANIEL,NATHAN
NATHANIEL,NATE
NATHANIEL,NATHANIEL
NATHANIEL,NAT
NATHANIEL,NATTY
NICODEMUS,NICK
NICODEMUS,NICODEMUS
OBEDIENCE,OBEDIENCE
OBEDIENCE,OBED
OBEDIENCE,BEEDY
OBEDIENCE,BEDA
OBEDIENCE,BIDDIE
PARTHENIA,TEENY
PARTHENIA,PASOONIE
PARTHENIA,PARSUNY
PARTHENIA,PHENIE
PARTHENIA,PARTHENIA
PELEGRINE,PERRY
PELEGRINE,PELEGRINE
PEREGRINE,PEREGRINE
PEREGRINE,PERRY
PHILANDER,PHILANDER
PHILANDER,FIE
PHILIPINA,PENIE
PHILIPINA,PHILIPINA
PHILIPINA,PHOEBE
PHILOMENA,PHILOMENA
PHILOMENA,MENAALMENA
PRISCILLA,PRISSY
PRISCILLA,PRISCILLA
PRISCILLA,CISSY
PRISCILLA,CILLA
ROSABELLA,ROSE
ROSABELLA,ROZ
ROSABELLA,ROSA
ROSABELLA,ROSABELLA
ROSABELLA,BELLE
ROSALINDA,LINDA
ROSALINDA,ROZ
ROSALINDA,ROSE
ROSALINDA,ROSA
ROSALINDA,ROSALINDA
RUDOLPHUS,RUDY
RUDOLPHUS,ROLF
RUDOLPHUS,RUDOLPHUS
RUDOLPHUS,OLPH
RUDOLPHUS,DOLPH
SEBASTIAN,SEBBY
SEBASTIAN,SEBASTIAN
SEBASTIAN,SEB
SIGISMUND,SIG
SIGISMUND,SIGISMUND
SILVESTER,SLY
SILVESTER,SILVESTER
SILVESTER,VESTER
SILVESTER,VEST
SILVESTER,SYL
SILVESTER,SI
SOPHRONIA,SOPHIA
SOPHRONIA,SOPHRONIA
SOPHRONIA,FRONIA
SOPHRONIA,FRONA
STEPHANIE,STEPHANIE
STEPHANIE,STEPHEN
STEPHANIE,ANNIE
STEPHANIE,STEPHIE
STEPHANIE,STEPH
SYLVESTER,VESSIE
SYLVESTER,VET
SYLVESTER,VESTER
SYLVESTER,SLY
SYLVESTER,SI
SYLVESTER,SY
SYLVESTER,SYLVESTER
SYLVESTER,SYL
THEODOSIA,THEODOSIUS
THEODOSIA,DOSIA
THEODOSIA,THEODOSIA
THEODOSIA,THEO
VALENTINA,VALLIE
VALENTINA,VALENTINA
VALENTINA,FELTY
VALENTINA,VAL
VALENTINE,VALENTINE
VALENTINE,FELTY
WINNIFRED,FREDDIE
WINNIFRED,WINNIFRED
WINNIFRED,FRED
WINNIFRED,WINNIE
WINNIFRED,WINNY
WINNIFRED,FREDDY
ZACHARIAH,ZACHARIAH
ZACHARIAH,ZEKE
ZACHARIAH,ZACHY
ZACHARIAH,ZACH
ZEPHANIAH,ZEPH
ZEPHANIAH,ZEPHANIAH
ALEXANDRIA,ALEXANDRIA
ALEXANDRIA,ALLA
ALEXANDRIA,DRINA
ALEXANDRIA,SANDRA
ALEXANDRIA,ALEXANDER
ALLISANDRA,ALLISANDRA
ALLISANDRA,ALLIE
ANTOINETTE,NETTA
ANTOINETTE,TONY
ANTOINETTE,ANN
ANTOINETTE,ANTOINETTE
CALIFORNIA,CALLIE
CALIFORNIA,CALIFORNIA
CARTHAETTE,ETTA
CARTHAETTE,ETTY
CARTHAETTE,CARTHAETTE
CHRISTIANA,CHRISTY
CHRISTIANA,KRIS
CHRISTIANA,CHRISTIANA
CHRISTIANA,CRISSY
CHRISTIANA,TINA
CHRISTIANA,CHRIS
CHRISTIANA,KRISTY
CHRISTIANA,ANN
CINDERELLA,CINDERELLA
CINDERELLA,CINDY
CINDERELLA,ARILLA
CINDERELLA,RILLA
CINDERELLA,RELLA
CLEMENTINE,CLEM
CLEMENTINE,CLEMENTINE
CLEMENTINE,CLEMENT
DEMOCRATES,MOCK
DEMOCRATES,DEMOCRATES
EVANGELINE,EVANGELINE
EVANGELINE,VANGIE
EVANGELINE,EVAN
EVANGELINE,EV
EXPERIENCE,EXIE
EXPERIENCE,EXPERIENCE
FERDINANDO,FRED
FERDINANDO,FERDIE
FERDINANDO,FERDINANDO
FERDINANDO,NANDO
FREDERICKA,FRIEDA
FREDERICKA,FREDERICKA
FREDERICKA,FREDA
FREDERICKA,RICKA
FREDERICKA,FREDDY
GREENBERRY,GREENBERRY
GREENBERRY,BERRY
GREENBERRY,GREEN
JACQUELINE,JACK
JACQUELINE,JACKIE
JACQUELINE,JACQUELINE
KRISTOPHER,KRIS
KRISTOPHER,KRISTOPHER
KRISTOPHER,CHRIS
MARGARETTA,MARGIE
MARGARETTA,PEGGY
MARGARETTA,MADGE
MARGARETTA,MAGGIE
MARGARETTA,MIDGE
MARGARETTA,RITA
MARGARETTA,MARGE
MARGARETTA,PEG
MARGARETTA,GRETTA
MARGARETTA,DAISY
MARGARETTA,MARGERY
MARGARETTA,MEG
MARGARETTA,MARGARETTA
MARGUERITE,PEGGY
MARGUERITE,MARGUERITE
MONTGOMERY,MONTY
MONTGOMERY,MONTGOMERY
MONTGOMERY,GUM
PERSEPHONE,PERSEPHONE
PERSEPHONE,SEPH
PERSEPHONE,SEPHY
PETRONELLA,PETRONELLA
PETRONELLA,NELLIE
POCAHONTAS,POCAHONTAS
POCAHONTAS,POKEY
PROVIDENCE,PROVIDENCE
PROVIDENCE,PROVY
TEMPERANCE,TEMPY
TEMPERANCE,TEMPERANCE
THEOPHILUS,OPHI
THEOPHILUS,THEOPHILUS
TRANQUILLA,TRANNIE
TRANQUILLA,TRANQUILLA
TRANQUILLA,QUILLA
WASHINGTON,WASH
WASHINGTON,WASHINGTON
WILHELMINA,MINA
WILHELMINA,WILHELMINA
WILHELMINA,WILMA
WILHELMINA,WILLIE
WILHELMINA,MINNIE
BARTHOLOMEW,BARTEL
BARTHOLOMEW,MEES
BARTHOLOMEW,BAT
BARTHOLOMEW,BARTHOLOMEW
BARTHOLOMEW,MEUS
BARTHOLOMEW,BART
CHRISTOPHER,CHRISTOPHER
CHRISTOPHER,KIT
CHRISTOPHER,CHRIS
DELIVERANCE,DILLY
DELIVERANCE,DELIVERANCE
DELIVERANCE,DELLY
DELIVERANCE,DELLA
DEUTERONOMY,DEUTERONOMY
DEUTERONOMY,DUTY
LITTLEBERRY,LITTLEBERRY
LITTLEBERRY,L.B.
LITTLEBERRY,LITTLE
LITTLEBERRY,BERRY
MELCHIZEDEK,DICK
MELCHIZEDEK,MELCHIZEDEK
MELCHIZEDEK,ZADOCK
KARONHAPPUCK,KARON
KARONHAPPUCK,KAREN
KARONHAPPUCK,HAPPY
KARONHAPPUCK,CARRIE
KARONHAPPUCK,KARONHAPPUCK
ONICYPHOROUS,ONE
ONICYPHOROUS,CYPHORUS
ONICYPHOROUS,OSAFORUS
ONICYPHOROUS,SYPHOROUS
ONICYPHOROUS,OSAFORUM
ONICYPHOROUS,CY
ONICYPHOROUS,ONICYPHOROUS
PHILADELPHIA,PHILADELPHIA
PHILADELPHIA,DELPHIA
EPAPHRODITIUS,EPPA
EPAPHRODITIUS,EPAPHRODITIUS
EPAPHRODITIUS,DYCHE
EPAPHRODITIUS,DYCE
EPAPHRODITIUS,DITE
EPAPHRODITIUS,DITUS
